,name,syllables,state,fraction
0,Mary,2,PA,0.084196169
1,Anna,2,PA,0.134590851
2,Emma,2,TX,0.079106751
3,Elizabeth,4,NY,0.091867479
4,Minnie,2,AL,0.088440471
5,Margaret,3,PA,0.109466217
6,Ida,2,NY,0.08999203
7,Alice,2,NY,0.0881814
8,Bertha,2,TX,0.074786752
9,Sarah,2,CA,0.081648678
10,Annie,2,GA,0.132663258
11,Clara,2,PA,0.062305166
12,Ella,2,TX,0.06574018
13,Florence,2,NY,0.163546235
14,Cora,2,TX,0.06234739
15,Martha,2,TX,0.076482204
16,Laura,2,CA,0.094098893
17,Nellie,2,NC,0.069974123
18,Grace,1,NY,0.101370682
19,Carrie,2,CA,0.06008838
20,Maude,1,NC,0.115187013
21,Mabel,2,PA,0.087460268
22,Bessie,2,GA,0.073597221
23,Jennie,2,NY,0.142391566
24,Gertrude,2,NY,0.145137137
25,Julia,3,NY,0.091520942
26,Hattie,2,NC,0.107907429
27,Edith,2,NY,0.094960396
28,Mattie,2,GA,0.162654847
29,Rose,1,NY,0.175599282
30,Catherine,3,NY,0.13441815
31,Lillian,3,NY,0.115473349
32,Ada,2,TX,0.0647582
33,Lillie,2,GA,0.105552909
34,Helen,2,PA,0.120231315
35,Jessie,2,TX,0.080370334
36,Louise,2,NY,0.088735788
37,Ethel,2,PA,0.084663641
38,Lula,2,AL,0.102303657
39,Eva,2,TX,0.086141905
40,Frances,2,NY,0.113873682
41,Lena,2,NY,0.094002178
42,Lucy,2,NY,0.09688214
43,Edna,2,PA,0.068293529
44,Maggie,2,NC,0.089045687
45,Pearl,1,NY,0.099180492
46,Daisy,2,CA,0.18384227
47,Fannie,2,GA,0.11363349
48,Josephine,3,NY,0.164881371
49,Dora,2,TX,0.158298561
50,Rosa,2,TX,0.175475762
51,Katherine,3,CA,0.090485274
52,Agnes,2,PA,0.12124856
53,Marie,2,NY,0.141380163
54,Nora,2,TX,0.081289674
55,May,1,NY,0.132002609
56,Mamie,2,GA,0.135123768
57,Stella,2,PA,0.095892963
58,Ellen,2,NY,0.13571711
59,Nancy,2,NY,0.09279588
60,Effie,2,TX,0.088055172
61,Sallie,2,NC,0.128626648
62,Nettie,2,GA,0.082190632
63,Della,2,KY,0.069696732
64,Lizzie,2,GA,0.199899964
65,Flora,2,AL,0.069685533
66,Susie,2,GA,0.107047003
67,Mae,1,PA,0.071409763
68,Etta,2,NC,0.083344296
69,Harriet,3,NY,0.174449722
70,Sadie,2,NY,0.066368218
71,Caroline,3,NY,0.094447857
72,Katie,2,CA,0.078536102
73,Lydia,3,TX,0.095809789
74,Elsie,2,PA,0.083876551
75,Kate,1,CA,0.11075172
76,Susan,2,NY,0.111746697
77,Mollie,2,NY,0.113545584
78,Alma,2,TX,0.107770618
79,Addie,2,NC,0.117865655
80,Georgia,2,TX,0.077612856
81,Eliza,3,TX,0.085351684
82,Lottie,2,NC,0.072761708
83,Amanda,3,CA,0.087486136
84,Belle,1,NY,0.244223129
85,Charlotte,2,NY,0.073748766
86,Rebecca,3,CA,0.086303159
87,Ruth,1,PA,0.095737953
88,Viola,3,NY,0.064729697
89,Olive,2,PA,0.100271745
90,Amelia,3,CA,0.089835311
91,Hannah,2,CA,0.084196823
92,Jane,1,NY,0.113811817
93,Virginia,3,NY,0.071368132
94,Emily,3,CA,0.108720943
95,Matilda,3,NY,0.140263617
96,Irene,2,NY,0.107354215
97,Kathryn,2,PA,0.093277183
98,Esther,2,NY,0.122415682
99,Henrietta,4,NY,0.106727393
100,Ollie,2,TX,0.112028452
101,Amy,2,CA,0.080058208
102,Rachel,2,CA,0.09291148
103,Sara,2,CA,0.087410303
104,Estella,3,TX,0.178416766
105,Theresa,3,NY,0.156799425
106,Augusta,3,NY,0.178479838
107,Ora,2,MS,0.124559613
108,Pauline,2,PA,0.089433392
109,Josie,2,TX,0.11034978
110,Lola,2,TX,0.094453441
111,Sophia,3,CA,0.15989557
112,Leona,3,PA,0.082977463
113,Anne,1,NY,0.163016803
114,Mildred,2,NY,0.083525072
115,Ann,1,NY,0.138276454
116,Callie,2,TX,0.096253102
117,Delia,3,TX,0.289164549
118,Eleanor,3,NY,0.133986655
119,Barbara,3,NY,0.103062743
120,Iva,2,TX,0.094319961
121,Louisa,3,NY,0.170033024
122,Maria,3,TX,0.256947754
123,Evelyn,3,NY,0.087139487
124,Estelle,2,NY,0.185691016
125,Nina,2,NY,0.09598957
126,Betty,2,PA,0.070458593
127,Marion,3,NY,0.184840028
128,Dorothy,3,PA,0.091876618
129,Luella,3,MN,0.075489731
130,Inez,2,GA,0.078970537
131,Lela,2,TX,0.116944022
132,Rosie,2,MS,0.170103691
133,Allie,2,TX,0.106645967
134,Millie,2,NY,0.128769592
135,Janie,2,TX,0.204880003
136,Cornelia,4,NY,0.095167144
137,Victoria,4,CA,0.132422406
138,Ruby,2,TX,0.105118691
139,Winifred,3,NY,0.163164441
140,Alta,2,TX,0.10005128
141,Celia,3,TX,0.1498568
142,Christine,2,NY,0.11944357
143,Beatrice,3,NY,0.129928033
144,Mable,2,NC,0.09614174
145,Myra,2,NY,0.087347242
146,Sophie,2,NY,0.125374349
147,Isabel,3,CA,0.192681489
148,Sylvia,3,NY,0.143862748
149,Carolyn,3,NY,0.06090176
150,Isabelle,3,CA,0.096616552
151,Leila,2,CA,0.158456963
152,Sally,2,NY,0.099969719
153,Ina,2,TX,0.088260458
154,Nell,1,TX,0.120621638
155,Alberta,3,PA,0.096524522
156,Katharine,3,NY,0.119373147
157,Lora,2,OH,0.072352637
158,Rena,2,NY,0.085083897
159,Mina,2,CA,0.196654152
160,Rhoda,2,NY,0.281781204
161,Abbie,2,TX,0.102115971
162,Eunice,2,TX,0.065515514
163,Ola,2,TX,0.140124982
164,Lenora,3,TX,0.0829923
165,Adelaide,3,NY,0.17522104
166,Christina,3,CA,0.143608947
167,Lelia,3,VA,0.168232679
168,Sue,1,OH,0.083837615
169,Johanna,3,NY,0.15427368
170,Lilly,2,CA,0.088016391
171,Lucinda,3,TX,0.088520011
172,Minerva,3,TX,0.384854243
173,Roxie,2,TX,0.104612984
174,Cynthia,3,CA,0.119329776
175,Helena,3,NY,0.139133688
176,Hilda,2,NY,0.100681302
177,Bernice,2,IL,0.080209982
178,Genevieve,3,NY,0.111457577
179,Jean,1,NY,0.128428369
180,Cordelia,4,TX,0.139430729
181,Marian,3,PA,0.12423431
182,Francis,2,TX,0.162402652
183,Jeanette,2,NY,0.115063683
184,Adeline,3,NY,0.094002207
185,Leah,2,CA,0.098231253
186,Lois,2,PA,0.084260252
187,Hallie,2,TX,0.104153553
188,Isabella,4,CA,0.153292877
189,Olga,2,TX,0.179206169
190,Phoebe,2,CA,0.134154276
191,Teresa,3,CA,0.101357222
192,Lina,2,CA,0.239126305
193,Winnie,2,TX,0.18701108
194,Claudia,3,CA,0.197324637
195,Marguerite,3,NY,0.111252253
196,Vera,2,TX,0.068515199
197,Cecelia,3,PA,0.130053776
198,Emilie,3,CA,0.124842433
199,John,1,NY,0.118271383
200,Rosetta,3,AL,0.067806016
201,Verna,2,PA,0.109290558
202,Cecilia,3,CA,0.165866107
203,Elva,2,TX,0.152760397
204,Olivia,4,CA,0.104917282
205,Ophelia,4,TX,0.116313589
206,Georgie,2,TX,0.151815048
207,Elnora,3,MS,0.10628725
208,Violet,3,PA,0.080337452
209,Adele,2,NY,0.27269285
210,Lily,2,CA,0.114580186
211,Loretta,3,NY,0.104791013
212,Polly,2,NC,0.081682585
213,Eugenia,3,NY,0.121981311
214,Lucille,2,NY,0.072564754
215,Rosalie,3,NY,0.136803884
216,Angie,2,CA,0.170824465
217,Dessie,2,TX,0.126683463
218,Lila,2,NY,0.079229637
219,Regina,3,NY,0.110828202
220,Selma,2,NY,0.266241055
221,Wilhelmina,4,SC,0.178358124
222,Bridget,2,NY,0.096124572
223,Malinda,3,PA,0.111954334
224,Jeannette,2,NY,0.118441099
225,Mandy,2,TX,0.097655285
226,Roberta,3,NY,0.095366378
227,Cassie,2,TX,0.095891458
228,Corinne,2,NY,0.138243964
229,Ivy,2,CA,0.125258739
230,Melissa,3,CA,0.113594865
231,Naomi,3,CA,0.095122961
232,Norma,2,TX,0.086648918
233,Margie,2,TX,0.110574504
234,Nona,2,TX,0.13386593
235,Elvira,3,TX,0.2830714
236,Erma,2,PA,0.08634635
237,Irma,2,TX,0.180778674
238,William,2,NY,0.114686457
239,Charity,3,CA,0.07103972
240,Lorena,3,CA,0.293066343
241,Alvina,3,MN,0.146057138
242,Annette,2,NY,0.120812532
243,Catharine,3,PA,0.432270473
244,Elma,2,TX,0.111860226
245,Geneva,3,KY,0.085959602
246,Janet,2,NY,0.089735881
247,Lee,1,NY,0.092417761
248,Leora,3,NY,0.111328766
249,Lona,2,TX,0.121852949
250,Miriam,3,NY,0.221569927
251,Linda,2,CA,0.079838235
252,Octavia,4,LA,0.091706909
253,Frieda,2,NY,0.231161995
254,Joanna,3,CA,0.172900231
255,Priscilla,3,CA,0.154987648
256,Angeline,3,PA,0.155565872
257,Hanna,2,CA,0.117232166
258,Rosella,3,PA,0.144146956
259,Elisabeth,4,CA,0.12393283
260,Elise,2,CA,0.116618677
261,Goldie,2,KY,0.084486716
262,Juanita,3,TX,0.148492347
263,Nola,2,KY,0.074031516
264,Zoe,2,CA,0.141167203
265,Isabell,3,TX,0.101765248
266,James,1,TX,0.087458486
267,Julie,2,CA,0.115752107
268,Madeline,3,NY,0.128768943
269,Mariah,3,CA,0.13178373
270,Vivian,3,CA,0.081063672
271,Aurelia,4,TX,0.187228973
272,Claire,1,NY,0.102526272
273,Dolly,2,PA,0.080200587
274,Hazel,2,TX,0.061547148
275,Jannie,2,SC,0.294020992
276,Kathleen,2,NY,0.129259659
277,Kathrine,2,CA,0.148364618
278,Marietta,4,NY,0.126455589
279,Samantha,3,CA,0.135796897
280,Susanna,3,CA,0.18784418
281,Chloe,2,CA,0.117422514
282,Elsa,2,CA,0.21847788
283,Gladys,2,NY,0.070523882
284,Antoinette,3,NY,0.267220383
285,Lilian,3,CA,0.194334545
286,Magdalena,4,TX,0.298973323
287,Rita,2,NY,0.131431883
288,Antonia,4,TX,0.254827661
289,Gracie,2,TX,0.11136097
290,Iona,3,IL,0.07492931
291,Liza,2,NY,0.181076538
292,Molly,2,CA,0.07130448
293,Neva,2,TX,0.106322876
294,Cecile,2,MA,0.157240964
295,Cleo,2,TX,0.09453278
296,Donna,2,NY,0.077036255
297,Ellie,2,CA,0.108371256
298,Evie,2,TX,0.109955177
299,Frankie,2,TX,0.16796955
300,Helene,2,NY,0.297623546
301,Queen,1,SC,0.158159169
302,Savannah,3,CA,0.109616876
303,Tina,2,CA,0.097080785
304,America,4,CA,0.35875211
305,Anita,3,NY,0.095072988
306,Dorothea,4,NY,0.175913603
307,Marjorie,3,NY,0.089560232
308,Sidney,2,TX,0.112570628
309,Velma,2,TX,0.101688777
310,Clare,1,NY,0.16231112
311,Constance,2,NY,0.121854606
312,Dixie,2,TX,0.085145309
313,Ila,2,TX,0.102202395
314,Lucia,3,CA,0.215207382
315,Patsy,2,TX,0.167891119
316,Betsy,2,NY,0.102365786
317,Bonnie,2,CA,0.061182356
318,June,1,NY,0.095561148
319,Marcella,3,IL,0.088722575
320,Melinda,3,CA,0.111741982
321,Mona,2,CA,0.096384824
322,Odessa,3,TX,0.133390279
323,Veronica,4,CA,0.18327704
324,Aimee,2,CA,0.144325109
325,Annabel,3,CA,0.167270541
326,Ava,2,CA,0.091695468
327,Bella,2,CA,0.16407424
328,Carolina,4,CA,0.273406344
329,Dena,2,CA,0.13400267
330,Dolores,3,PA,0.149975362
331,Eleanore,3,PA,0.153988695
332,Fay,1,NY,0.13691509
333,Jenny,2,CA,0.159449617
334,Reba,2,TN,0.121767977
335,Serena,3,CA,0.21845915
336,Vida,2,TX,0.170116116
337,Abigail,3,CA,0.101145736
338,Celina,3,CA,0.284295877
339,Connie,2,CA,0.071570261
340,Deborah,3,NY,0.093737516
341,Emelia,4,CA,0.107630341
342,India,3,GA,0.085835625
343,Jeanne,1,NY,0.129942553
344,Joan,1,NY,0.176855745
345,Lenore,2,NY,0.247539683
346,Rachael,2,CA,0.089837921
347,Willa,2,MO,0.061832652
348,Aline,2,LA,0.157404959
349,Eloise,3,GA,0.074250068
350,Iris,2,NY,0.111395205
351,Therese,2,IL,0.142006919
352,Wanda,2,TX,0.089464117
353,Anastasia,4,NY,0.108701401
354,Delilah,3,CA,0.25066618
355,Diana,3,CA,0.177679842
356,Fern,1,IL,0.087650265
357,Joseph,2,NY,0.22535426
358,Juliet,3,CA,0.204369194
359,Paulina,3,CA,0.358748987
360,Rae,1,NY,0.187803421
361,Tommie,2,TX,0.299871801
362,Adela,3,TX,0.44607183
363,Althea,3,PA,0.149293901
364,Amalia,4,TX,0.256442561
365,Angelina,4,CA,0.194775604
366,Annabelle,3,CA,0.08981057
367,Clarice,2,MN,0.06673787
368,Doris,2,NY,0.07902604
369,Elinor,3,NY,0.173365003
370,Emilia,4,CA,0.160464815
371,Hope,1,TX,0.08060481
372,Johnnie,2,TX,0.190312184
373,Kitty,2,TX,0.102934846
374,Marcia,2,NY,0.115200378
375,Norah,2,CA,0.073154565
376,Paula,2,TX,0.09118553
377,Camille,2,CA,0.136433343
378,Faye,1,TX,0.078273729
379,Leslie,2,CA,0.162685413
380,Rowena,3,CA,0.115891916
381,Amie,2,CA,0.112074825
382,Angela,3,CA,0.083938755
383,Eve,1,NY,0.173241279
384,Geraldine,3,NY,0.10156451
385,Glenna,2,OH,0.126758359
386,Jessica,3,CA,0.129237182
387,Katheryn,3,TX,0.146059764
388,Lea,2,CA,0.150508886
389,Leanna,3,CA,0.167790436
390,Muriel,3,NY,0.254083933
391,Rosanna,3,CA,0.19460348
392,Camilla,3,CA,0.162566102
393,Phyllis,2,NY,0.095260953
394,Winona,3,TX,0.124289035
395,Corrine,2,CA,0.098802512
396,Delphine,2,MI,0.26351132
397,Jesse,2,CA,0.151593696
398,Jewel,2,TX,0.160311013
399,Juana,2,TX,0.479730328
400,Judith,2,NY,0.107100942
401,Manuela,3,TX,0.682286112
402,Natalie,3,CA,0.164183221
403,Opal,2,TX,0.11303442
404,Selena,3,CA,0.163001115
405,Wilma,2,MO,0.066489653
406,Celeste,2,CA,0.20859264
407,Audrey,2,CA,0.086643268
408,Petra,2,TX,0.596408088
409,Juliette,3,CA,0.194209539
410,Coral,2,CA,0.335609869
411,Valeria,4,CA,0.264732181
412,Carmen,2,CA,0.160660525
413,Nita,2,TX,0.232282642
414,Ester,2,TX,0.322797926
415,Evangeline,4,CA,0.131585333
416,Sybil,2,TX,0.129332662
417,Ursula,3,NY,0.188011472
418,Charlie,2,TX,0.117785626
419,Gail,1,NY,0.137125781
420,Clarissa,3,TX,0.221449278
421,Gena,2,CA,0.141507234
422,Gretchen,2,PA,0.088453145
423,Rosemary,3,NY,0.129789985
424,Shirley,2,PA,0.069799948
425,Elisa,3,CA,0.230715805
426,Georgina,3,CA,0.354978343
427,Mercedes,3,CA,0.1451566
428,Rhea,2,NY,0.132947244
429,Jeanie,2,TX,0.12496387
430,Martina,3,TX,0.224049467
431,Millicent,3,NY,0.297486219
432,Peggy,2,TX,0.076380122
433,Francisca,3,TX,0.624355321
434,Selina,3,CA,0.231351449
435,Theodora,4,NY,0.314295417
436,Jo,1,TX,0.118918755
437,Madeleine,3,CA,0.14339429
438,Margarita,4,TX,0.406550153
439,Bobbie,2,TX,0.171640785
440,Monica,3,CA,0.185496481
441,Felicia,3,CA,0.092283245
442,Elena,3,CA,0.190960914
443,Lorraine,2,NY,0.152245499
444,Carol,2,NY,0.108013542
445,Adelina,4,TX,0.266483822
446,Andrea,3,CA,0.14999272
447,Zelda,2,NY,0.171090601
448,Bernadette,3,NY,0.170545908
449,Beth,1,PA,0.102839768
450,Faith,1,CA,0.097348368
451,Freida,2,NY,0.097695725
452,Jewell,2,TX,0.109969815
453,Patricia,3,NY,0.105211674
454,Katy,2,TX,0.215680527
455,Libby,2,NY,0.201877215
456,Suzanne,2,NY,0.125778646
457,Nova,2,CA,0.092156128
458,Joy,1,CA,0.084492905
459,Alicia,3,CA,0.142488453
460,Lacy,2,TX,0.15586862
461,Alyce,2,NY,0.095836499
462,Eileen,2,NY,0.230588944
463,Greta,2,NY,0.09225584
464,Kay,1,TX,0.069105105
465,Luisa,3,TX,0.343439518
466,Thelma,2,PA,0.068463745
467,Robbie,2,TX,0.224731626
468,Sofia,3,CA,0.217771586
469,Aurora,3,TX,0.197543131
470,Justina,3,NY,0.194623999
471,Billie,2,TX,0.201411407
472,Aileen,2,CA,0.240498086
473,Jodie,2,CA,0.09028122
474,Daphne,2,CA,0.133405057
475,Gwendolyn,3,TX,0.071042681
476,Elaine,2,NY,0.133568872
477,Lorene,2,TX,0.11493383
478,Amber,2,CA,0.108296401
479,Audra,2,TX,0.10244757
480,Ramona,3,CA,0.127037651
481,Ruthie,2,MS,0.155993037
482,Cathryn,2,CA,0.133210701
483,Joyce,1,NY,0.072733676
484,Nadine,2,CA,0.123791177
485,Valerie,3,CA,0.165178909
486,Myrna,2,NY,0.126552517
487,Maryann,3,NY,0.220336302
488,Guadalupe,4,TX,0.37827499
489,Carmela,3,NY,0.511331673
490,Janette,2,CA,0.18876314
491,Loraine,2,TX,0.092577504
492,Ana,2,CA,0.272910728
493,Crystal,2,CA,0.123992062
494,Arlene,2,NY,0.152350485
495,Cherry,2,TX,0.181702155
496,Rosalind,3,NY,0.236654973
497,Justine,2,CA,0.168874123
498,Nathalie,3,CA,0.281048047
499,Judy,2,CA,0.073419716
500,Lyla,2,CA,0.103833386
501,Macie,2,TX,0.098538841
502,Reva,2,KY,0.110389766
503,Ivory,3,CA,0.132397402
504,Rosalee,3,SC,0.116490937
505,Jamie,2,CA,0.103756859
506,Maxine,2,MI,0.056375309
507,Dana,2,CA,0.099723652
508,Yvonne,2,CA,0.128841879
509,Lexie,2,CA,0.128429115
510,Madelyn,3,CA,0.081524541
511,Laurie,2,NY,0.12190135
512,Lorna,2,CA,0.123269682
513,Stephanie,3,CA,0.135109102
514,Adrienne,3,NY,0.129508541
515,Carmella,3,NY,0.274943502
516,Dorthy,2,TX,0.122399317
517,Twila,2,PA,0.200080845
518,Cara,2,CA,0.086855665
519,Silvia,3,CA,0.448034293
520,Consuelo,3,TX,0.494126662
521,Mavis,2,MN,0.09564169
522,Sonia,2,CA,0.238872946
523,Georgette,2,NY,0.224587754
524,Ilene,2,NY,0.184883072
525,Luz,1,CA,0.275206784
526,Marina,3,CA,0.294678207
527,Jacqueline,3,CA,0.122436663
528,Lynn,1,NY,0.126105165
529,Marianna,4,NY,0.178670464
530,Gloria,3,NY,0.110262559
531,Delores,3,IL,0.068197553
532,Beverly,3,NY,0.071298273
533,Charlene,2,CA,0.092542992
534,Portia,2,CA,0.122582633
535,Marianne,3,NY,0.16010178
536,Rene,2,CA,0.192686133
537,Diane,2,NY,0.125935072
538,Josefina,4,TX,0.560108288
539,Juliana,4,CA,0.197606681
540,Gwen,1,CA,0.102271248
541,Janice,2,CA,0.065202187
542,Angelita,4,TX,0.618918969
543,Jackie,2,TX,0.101340063
544,Cathleen,2,NY,0.173785422
545,Madalyn,3,TX,0.084857585
546,Bonita,3,PA,0.103033179
547,Joann,2,NY,0.100162774
548,Dina,2,NY,0.234324838
549,Lana,2,CA,0.110445974
550,Vivienne,3,CA,0.165252867
551,Beatriz,3,CA,0.376266866
552,Renee,2,NY,0.123555802
553,Rosemarie,3,NY,0.287255327
554,Darlene,2,CA,0.093854881
555,Yolanda,3,TX,0.188284091
556,Sydney,2,CA,0.097155586
557,Arleen,2,NY,0.218473565
558,Maureen,2,NY,0.231320947
559,Chrystal,2,CA,0.124424347
560,Aida,3,NY,0.306119703
561,Mariam,2,NY,0.179759988
562,Ingrid,2,CA,0.195605416
563,Meredith,3,TX,0.08773268
564,Erin,2,CA,0.099575296
565,Denise,2,CA,0.129467867
566,Rosalyn,3,NY,0.171257548
567,Marilyn,3,NY,0.112165528
568,Roslyn,2,NY,0.447699507
569,Dallas,2,TX,0.115541443
570,Karen,2,CA,0.092911315
571,Doreen,2,NY,0.22663728
572,Catalina,4,CA,0.280000429
573,Colleen,2,NY,0.113808682
574,Francine,2,NY,0.300491485
575,Melanie,3,CA,0.140714795
576,Laurel,2,CA,0.13729203
577,Dinah,2,TX,0.132998879
578,Thea,2,CA,0.133581243
579,Benita,3,TX,0.263948426
580,Sandra,2,CA,0.091686113
581,Penny,2,CA,0.079566058
582,Glenda,2,TX,0.122088784
583,Margot,2,NY,0.18580311
584,Alexandra,4,CA,0.144411507
585,Terry,2,CA,0.112361334
586,Tracy,2,CA,0.09352987
587,Esperanza,4,TX,0.40777339
588,Mariana,4,CA,0.258192517
589,Christie,2,CA,0.097118379
590,Jeannie,2,CA,0.131711492
591,Natalia,3,CA,0.230492517
592,Yvette,2,CA,0.233454509
593,Thalia,3,CA,0.216008756
594,Jayne,1,NY,0.119678908
595,Carlene,2,CA,0.113592202
596,Cristina,3,CA,0.288670476
597,Gabrielle,3,NY,0.088748756
598,Lara,2,CA,0.140981755
599,Angelica,4,CA,0.287085606
600,Gemma,2,CA,0.15193741
601,Lynda,2,CA,0.101921094
602,Colette,2,CA,0.16842337
603,Mitzi,2,TX,0.132445424
604,Joanne,2,NY,0.149812596
605,Susana,3,CA,0.492675673
606,Katrina,3,CA,0.119469495
607,Sheila,2,NY,0.101093733
608,Lynne,1,NY,0.139642919
609,Alexandria,5,CA,0.120682732
610,Corina,3,CA,0.333169079
611,Trudy,2,CA,0.082705007
612,Maryjane,3,CA,0.199778391
613,Rochelle,2,CA,0.147474766
614,Roselyn,3,CA,0.197500623
615,Maryellen,4,NY,0.270511383
616,Princess,2,CA,0.122168321
617,Margo,2,CA,0.128322377
618,Marylou,3,NY,0.177369522
619,Carla,2,CA,0.109094206
620,Lynette,2,CA,0.145031497
621,Merry,2,CA,0.142809919
622,Simone,2,NY,0.157005484
623,Sonya,2,CA,0.086624592
624,Carole,2,NY,0.122344809
625,Hollie,2,TX,0.101161909
626,Micaela,4,TX,0.235214885
627,Abby,2,TX,0.07512791
628,Gina,2,CA,0.146366021
629,Julianna,4,CA,0.171781524
630,Penelope,4,CA,0.158961765
631,Candace,2,CA,0.099392801
632,David,2,CA,0.180849103
633,Marlene,2,CA,0.116916592
634,Michael,2,CA,0.140662641
635,Janis,2,CA,0.102233583
636,Kaye,1,MI,0.082619985
637,Annamarie,4,CA,0.184159026
638,Roxanna,3,CA,0.345705305
639,Lisa,2,CA,0.098327395
640,Toni,2,CA,0.111059939
641,Brenda,2,CA,0.083110924
642,Dawn,1,NY,0.104763066
643,Marta,2,CA,0.248210558
644,Raquel,2,CA,0.267879502
645,Valentina,4,CA,0.209715831
646,Holly,2,CA,0.081626213
647,Rebekah,3,CA,0.09704338
648,Allison,3,CA,0.106223532
649,Dahlia,3,CA,0.271252032
650,Giovanna,4,NY,0.218655482
651,Jocelyn,3,CA,0.242682289
652,Mira,2,CA,0.174000351
653,Pamela,3,CA,0.080509555
654,Noreen,2,NY,0.262588967
655,Adrian,3,CA,0.131136696
656,Rosario,4,TX,0.439304854
657,Noel,2,CA,0.199706389
658,Vickie,2,TX,0.0801658
659,Cindy,2,CA,0.144358036
660,Rachelle,2,CA,0.182790943
661,Sharon,2,CA,0.078569387
662,Lilia,3,CA,0.345068434
663,Lidia,3,TX,0.364987091
664,Mila,2,CA,0.177087817
665,Alison,3,CA,0.118906492
666,Angel,2,CA,0.091817176
667,Belen,2,CA,0.457632216
668,Robin,2,CA,0.095209777
669,Carey,2,CA,0.114413072
670,Julianne,3,CA,0.150705247
671,Maryanne,3,NY,0.286474961
672,Valarie,3,CA,0.138253367
673,Cassandra,3,CA,0.127746985
674,Karin,2,CA,0.153030578
675,Willow,2,CA,0.073624728
676,Janelle,2,CA,0.181689617
677,Ladonna,3,IL,0.094662603
678,Jacquelyn,3,CA,0.100616511
679,Deana,3,CA,0.126168964
680,Patience,2,TX,0.091154613
681,Lesley,2,CA,0.165785432
682,Marsha,2,CA,0.070530657
683,Nadia,3,CA,0.159215415
684,Sonja,2,CA,0.100051271
685,Mari,2,CA,0.208993916
686,Precious,2,CA,0.131941521
687,Sherry,2,TX,0.072803014
688,Adriana,4,CA,0.256761042
689,Alejandra,4,CA,0.395421902
690,Ginger,2,TX,0.104159313
691,Becky,2,TX,0.092011119
692,Kelly,2,CA,0.099073181
693,Athena,3,CA,0.22418545
694,Belinda,3,TX,0.169237119
695,Vicki,2,CA,0.086357052
696,Debbie,2,CA,0.108094151
697,Blanca,2,CA,0.371194706
698,Kathy,2,CA,0.084452721
699,Marilynn,3,CA,0.141611091
700,Patrice,2,NY,0.108231165
701,Roxana,3,CA,0.467989682
702,Leigh,1,TX,0.080324409
703,Mara,2,CA,0.12377567
704,Marcy,2,NY,0.11450541
705,Christa,2,CA,0.099490727
706,Paulette,2,NY,0.090974234
707,Bethany,3,TX,0.078734604
708,Claudette,2,NY,0.093576995
709,Maura,2,NY,0.173576215
710,Marcie,2,CA,0.114356041
711,Michele,2,NY,0.151180803
712,Nyla,2,NY,0.0865616
713,Rebeca,3,CA,0.339652227
714,Cheryl,2,CA,0.085749297
715,Janell,2,CA,0.167524234
716,Vicky,2,CA,0.11098034
717,Cherie,2,CA,0.15174967
718,Celine,2,CA,0.309854553
719,Jill,1,NY,0.089248875
720,Dianne,2,NY,0.082346503
721,Jolene,2,CA,0.135637239
722,Reina,2,CA,0.331594394
723,Cathy,2,CA,0.088971914
724,Deanna,3,CA,0.121323427
725,Graciela,4,TX,0.455054896
726,Marybeth,3,NY,0.240388086
727,Lourdes,2,CA,0.312221305
728,Jeannine,2,NY,0.134425584
729,Jennifer,3,CA,0.11840566
730,Danna,2,TX,0.249482951
731,Dalia,3,CA,0.320337311
732,Shelley,2,CA,0.115270442
733,Dianna,3,CA,0.12319897
734,Jacklyn,2,CA,0.194383467
735,Adrianne,3,CA,0.163777042
736,Shannon,2,CA,0.110368856
737,Annemarie,3,NY,0.252260357
738,Michelle,2,CA,0.140106106
739,Sandy,2,CA,0.170153616
740,Erika,3,CA,0.201773215
741,Noemi,3,CA,0.368919376
742,Suzette,2,CA,0.19655934
743,Debra,2,CA,0.080740514
744,Annmarie,3,NY,0.301826489
745,Christy,2,CA,0.088068405
746,Jaqueline,3,CA,0.356438183
747,Sharlene,2,CA,0.188660697
748,April,2,CA,0.109314334
749,Esmeralda,4,CA,0.361924269
750,Lynnette,2,CA,0.153656782
751,Jeri,2,CA,0.156055237
752,Tanya,2,CA,0.133090985
753,Deirdre,2,NY,0.28774136
754,Rhonda,2,TX,0.078593309
755,Rosalinda,4,TX,0.559470012
756,Charmaine,2,IL,0.133612954
757,Roxanne,2,CA,0.157792812
758,Lorelei,3,CA,0.120452874
759,Marla,2,CA,0.125040232
760,Monique,2,CA,0.246942275
761,Jeanine,2,NY,0.187660175
762,Jaclyn,2,NY,0.128922108
763,Wendy,2,CA,0.140184704
764,Karla,2,CA,0.20200787
765,Tamara,3,CA,0.123492843
766,Leticia,3,CA,0.376055009
767,Angelia,4,TX,0.093228031
768,Luann,2,PA,0.1091659
769,Janine,2,NY,0.214790985
770,Jenna,2,CA,0.096253236
771,Jody,2,CA,0.083420881
772,Janna,2,TX,0.136933199
773,Jerri,2,TX,0.111361045
774,Darla,2,CA,0.121788486
775,Kim,1,NY,0.119736876
776,Leilani,3,CA,0.2942036
777,Melody,3,CA,0.163906851
778,Heather,2,CA,0.090441089
779,Leann,2,CA,0.113227599
780,Leanne,2,CA,0.143565584
781,Lori,2,CA,0.087268086
782,Deena,2,CA,0.169029269
783,Terri,2,CA,0.098738046
784,Elissa,3,NY,0.181540187
785,Renae,2,CA,0.104705439
786,Shelly,2,CA,0.109312706
787,Stephany,3,CA,0.31452287
788,Shelby,2,TX,0.090012073
789,Jana,2,TX,0.142356301
790,Marlena,3,CA,0.226064208
791,Shanna,2,TX,0.109288379
792,Kara,2,CA,0.072485982
793,Autumn,2,CA,0.074141607
794,Tonia,2,OH,0.074024346
795,Robyn,2,CA,0.115013598
796,Kristin,2,CA,0.096801469
797,Bobbi,2,PA,0.096801718
798,Alecia,3,TX,0.093703557
799,Sheryl,2,CA,0.10413235
800,Lorie,2,CA,0.106995226
801,Tonya,2,OH,0.068415385
802,Heidi,2,CA,0.126081052
803,Kimberly,3,CA,0.113119183
804,Noelle,2,CA,0.154431196
805,Janel,2,CA,0.178208214
806,Courtney,2,TX,0.079780051
807,Sherri,2,CA,0.083094244
808,Kristine,2,CA,0.136320275
809,Myla,2,CA,0.103100518
810,Joni,2,CA,0.086848878
811,Kenna,2,CA,0.126808211
812,Kerry,2,NY,0.136284649
813,Racheal,2,TX,0.126839622
814,Vanessa,3,CA,0.24768915
815,Leeann,2,CA,0.135322839
816,Sheri,2,CA,0.139697951
817,Hilary,3,CA,0.156838622
818,Nikki,2,CA,0.112716438
819,Fatima,3,CA,0.264581348
820,Lindsay,2,CA,0.097180473
821,Francesca,3,NY,0.203499136
822,Marlee,2,TX,0.085473602
823,Miranda,3,TX,0.122091904
824,Kendra,2,CA,0.087691727
825,Stacy,2,CA,0.112382817
826,Rayna,2,CA,0.148433893
827,Kristina,3,CA,0.134974623
828,Michaela,3,CA,0.10126148
829,Alena,3,CA,0.185928854
830,Kirsten,2,CA,0.117933473
831,Danielle,2,CA,0.116852378
832,Karyn,2,CA,0.15887384
833,Nicole,2,CA,0.126099035
834,Debora,3,CA,0.116359425
835,Erica,3,CA,0.122513411
836,Scarlett,2,CA,0.156982733
837,Jenifer,3,CA,0.161570642
838,Kayla,2,CA,0.098291209
839,Nicolette,3,CA,0.207640487
840,Tammy,2,CA,0.06397842
841,Teri,2,CA,0.1716795
842,Trina,2,CA,0.145625483
843,Desiree,3,CA,0.214881392
844,Joelle,2,CA,0.173396584
845,Randi,2,NY,0.121416667
846,Avery,3,TX,0.115849807
847,Kyra,2,CA,0.099524109
848,Brooke,1,CA,0.091069255
849,Kristen,2,CA,0.091487663
850,Stefanie,3,CA,0.132340923
851,Paige,1,CA,0.08670783
852,Shauna,2,CA,0.13982099
853,Shawn,1,CA,0.114076847
854,Candy,2,CA,0.156897525
855,Dara,2,NY,0.166059645
856,Tricia,2,CA,0.102251351
857,Stacey,2,CA,0.097868861
858,Elyse,2,CA,0.153302693
859,Kari,2,CA,0.101866948
860,Tara,2,NY,0.097355166
861,Lacey,2,CA,0.084489305
862,Scarlet,2,CA,0.173016449
863,Alana,3,CA,0.131150247
864,Lauren,2,CA,0.098856193
865,Liana,3,CA,0.218368079
866,Tamera,3,CA,0.122914631
867,Darcy,2,CA,0.131611621
868,Valencia,4,TX,0.136432345
869,Gabriella,4,NY,0.112817733
870,Tania,2,CA,0.251391857
871,Kris,1,CA,0.139528684
872,Kristi,2,TX,0.106148641
873,Gillian,3,CA,0.141216664
874,Jodi,2,NY,0.080700167
875,Katina,3,FL,0.084778799
876,Kelley,2,CA,0.105214318
877,Elaina,3,CA,0.092254177
878,Damaris,3,CA,0.234712152
879,Demetria,4,TX,0.143297109
880,Cameron,3,CA,0.119389645
881,Tracey,2,NY,0.0963006
882,Natasha,3,CA,0.108998344
883,Alexa,3,CA,0.177102608
884,Ashley,2,CA,0.11489935
885,Kristy,2,CA,0.097578768
886,Alexis,3,CA,0.113395489
887,Tyra,2,CA,0.089365474
888,Casandra,3,CA,0.178466934
889,Megan,2,CA,0.095892921
890,Dayna,2,CA,0.16843681
891,Kristie,2,CA,0.089505473
892,Marci,2,CA,0.135684313
893,Abbey,2,OH,0.082176977
894,Blair,1,TX,0.108425158
895,Terra,2,CA,0.140546946
896,Hillary,3,CA,0.131510873
897,Mallory,3,TX,0.084404077
898,Mia,2,CA,0.185505729
899,Tiffany,3,CA,0.110927583
900,Brandy,2,TX,0.098721752
901,Loren,2,CA,0.130922152
902,Jayme,2,CA,0.146886513
903,Jena,2,CA,0.12133917
904,Candice,2,CA,0.129102895
905,Alexia,4,CA,0.164399996
906,Reyna,2,CA,0.352875744
907,Mindy,2,NY,0.10595225
908,Sheena,2,CA,0.095460678
909,Tessa,2,CA,0.098170915
910,Alanna,3,CA,0.131873921
911,Krista,2,CA,0.099702944
912,Tracie,2,CA,0.0860654
913,Trisha,2,CA,0.130355417
914,Deidra,2,TX,0.117582964
915,Devon,2,CA,0.146157698
916,Maricela,4,CA,0.487963808
917,Perla,2,CA,0.340594816
918,Gabriela,4,CA,0.290832993
919,Kellie,2,CA,0.112049166
920,Chana,2,NY,0.706883989
921,Jade,1,CA,0.149307802
922,Lindsey,2,TX,0.082063332
923,Alyson,3,CA,0.129098178
924,Bianca,3,CA,0.202498486
925,Christian,2,TX,0.144901185
926,Allyson,3,CA,0.126374308
927,Stacie,2,CA,0.098634139
928,Christiana,4,CA,0.178893201
929,Bridgett,2,TX,0.119606012
930,Lizbeth,2,CA,0.363512848
931,Ericka,3,CA,0.15141748
932,Kerri,2,NY,0.106949709
933,Alisa,3,CA,0.157417188
934,Estrella,3,CA,0.294454514
935,Kassandra,3,CA,0.254270899
936,Kelsey,2,CA,0.080848127
937,Lesly,2,CA,0.320294288
938,Renata,3,TX,0.322633433
939,Ivette,2,CA,0.295401563
940,Jaime,2,CA,0.115765883
941,Kimberley,3,CA,0.14193059
942,Macy,2,TX,0.102447102
943,Krystal,2,TX,0.133778005
944,Jami,2,CA,0.096371055
945,Lizette,2,CA,0.453486595
946,Paris,2,CA,0.101251171
947,Tia,2,CA,0.065103396
948,Brenna,2,CA,0.101315412
949,Bridgette,2,CA,0.123938051
950,Keri,2,CA,0.102311079
951,Shawna,2,CA,0.143877578
952,Araceli,4,CA,0.445960101
953,Marisa,3,CA,0.182480587
954,Regan,2,TX,0.094395406
955,Shana,2,CA,0.09866907
956,Joselyn,3,CA,0.222916403
957,Kendall,2,TX,0.104689185
958,Jillian,3,NY,0.110220421
959,Misty,2,TX,0.134993339
960,Chaya,2,NY,0.727049564
961,Christin,2,NY,0.108423627
962,Joslyn,2,TX,0.114665559
963,Kimberlee,3,CA,0.181587428
964,Tabitha,3,TX,0.075768398
965,Jolie,2,CA,0.178292819
966,Lia,2,CA,0.17707353
967,Maritza,3,CA,0.322931354
968,Viviana,4,CA,0.361721216
969,Dulce,2,CA,0.3425979
970,Marisela,4,CA,0.475178567
971,Casey,2,CA,0.083347984
972,Tori,2,TX,0.087390646
973,Brook,1,CA,0.131572828
974,Kyla,2,CA,0.093571682
975,Cari,2,CA,0.165438996
976,Fernanda,3,CA,0.319774638
977,Melisa,3,CA,0.16829078
978,Tatiana,3,CA,0.205568909
979,Angelique,3,CA,0.209858686
980,Melany,3,CA,0.253030509
981,Traci,2,CA,0.099631377
982,Maya,2,CA,0.180811306
983,Kelli,2,CA,0.088742555
984,Melina,3,CA,0.300743851
985,Marissa,3,CA,0.1670563
986,Dominique,3,CA,0.148509775
987,Morgan,2,TX,0.069349498
988,Samara,3,CA,0.153567593
989,Yasmin,2,CA,0.239384798
990,Jasmine,2,CA,0.172196219
991,Raina,2,CA,0.156602713
992,Sabrina,3,CA,0.158659445
993,Cori,2,CA,0.159607662
994,Janae,2,CA,0.152717444
995,Liliana,4,CA,0.262781092
996,Larissa,3,CA,0.167687033
997,Carlie,2,TX,0.085547039
998,Laila,2,CA,0.106314649
999,Piper,2,TX,0.075451755
1000,Fiona,3,CA,0.155359395
1001,Kristal,2,CA,0.173211863
1002,Alisha,3,CA,0.093215266
1003,Jada,2,FL,0.074056597
1004,Giselle,2,CA,0.336547524
1005,Jasmin,2,CA,0.286494857
1006,Latonya,3,IL,0.085773602
1007,Raven,2,TX,0.093728917
1008,Whitney,2,TX,0.0847364
1009,Summer,2,CA,0.126823428
1010,Alissa,3,CA,0.13735649
1011,Christen,2,TX,0.11047515
1012,Cristal,2,CA,0.34010173
1013,Carissa,3,CA,0.156966539
1014,Raelynn,2,TX,0.103148152
1015,Daniela,3,CA,0.265503715
1016,Taryn,2,CA,0.126063142
1017,Tasha,2,CA,0.076716243
1018,Alina,3,CA,0.289329803
1019,Brandi,2,TX,0.104787064
1020,Alaina,3,TX,0.073018995
1021,Laney,2,TX,0.123738299
1022,Marisol,3,CA,0.321879024
1023,Mayra,2,CA,0.48918725
1024,Carina,3,CA,0.36850811
1025,Maribel,3,CA,0.400292237
1026,Tess,1,CA,0.132442127
1027,Malia,3,CA,0.19269873
1028,Eden,2,CA,0.123031987
1029,Aubrey,2,CA,0.099007749
1030,Carlee,2,TX,0.089366318
1031,Kenya,2,CA,0.126177111
1032,Adrianna,4,CA,0.12342491
1033,Nichole,2,CA,0.115846249
1034,Kira,2,CA,0.146671368
1035,Meghan,2,NY,0.10062706
1036,Catrina,3,CA,0.158325431
1037,Maranda,3,TX,0.103973258
1038,Rocio,3,CA,0.507817992
1039,Gianna,3,CA,0.144462914
1040,Shea,1,CA,0.134561037
1041,Briana,3,CA,0.1778885
1042,Chanel,2,CA,0.200585991
1043,Kasey,2,TX,0.093775569
1044,Caitlin,2,CA,0.097025612
1045,Maia,2,CA,0.173747054
1046,Alyssa,3,CA,0.144887494
1047,Karina,3,CA,0.346268313
1048,Elisha,3,CA,0.132423333
1049,Latisha,3,NY,0.112978886
1050,Tiana,3,CA,0.143352673
1051,Kaylynn,2,TX,0.109020335
1052,Kori,2,TX,0.110265397
1053,Kaylyn,2,CA,0.109165164
1054,Nikita,3,CA,0.113169912
1055,Gia,2,CA,0.173465076
1056,Danica,3,CA,0.210596907
1057,Keely,2,TX,0.1286136
1058,Raelyn,2,TX,0.091471402
1059,Iliana,4,CA,0.301443515
1060,Kali,2,CA,0.096858031
1061,Camila,3,CA,0.264932048
1062,Paola,2,CA,0.263616469
1063,Micah,2,TX,0.166064754
1064,Anya,2,CA,0.149332996
1065,Desirae,3,CA,0.186212145
1066,Alessandra,4,CA,0.229372154
1067,Meagan,2,TX,0.146752267
1068,Luciana,4,CA,0.173132011
1069,Yadira,3,CA,0.423131321
1070,Lilliana,4,CA,0.141383207
1071,Taylor,2,CA,0.083216412
1072,Daniella,3,CA,0.209017182
1073,Hayley,2,CA,0.116335859
1074,Shayla,2,CA,0.09326995
1075,Devin,2,CA,0.128284286
1076,Sasha,2,CA,0.16076506
1077,Halle,2,OH,0.081658315
1078,Leia,2,CA,0.236379805
1079,Tiara,3,NY,0.081584264
1080,Haley,2,TX,0.085951277
1081,Brynn,1,CA,0.078227815
1082,Brandie,2,CA,0.127902666
1083,Aisha,3,NY,0.155923657
1084,Karissa,3,CA,0.168648744
1085,Sierra,3,CA,0.131617142
1086,Sloane,1,CA,0.117805189
1087,Alayna,3,TX,0.092192905
1088,Peyton,2,TX,0.088055344
1089,Shayna,2,CA,0.129621098
1090,Keisha,2,NY,0.120845014
1091,Chantel,2,CA,0.141617664
1092,Meaghan,2,MA,0.165921805
1093,Blake,1,CA,0.121427431
1094,Destiny,3,CA,0.138314526
1095,Felicity,4,CA,0.118410414
1096,Tiffani,3,CA,0.131889017
1097,Cheyenne,2,CA,0.105135468
1098,Emilee,3,CA,0.088436365
1099,Keira,2,CA,0.13839793
1100,Sarai,2,CA,0.263265541
1101,Tyler,2,CA,0.14189616
1102,Kiersten,2,PA,0.086672212
1103,Reagan,2,TX,0.113417019
1104,Trista,2,CA,0.088465341
1105,Shantel,2,NY,0.132082999
1106,Ariel,3,CA,0.153042019
1107,Raegan,2,TX,0.08119029
1108,Brianna,3,CA,0.135907124
1109,Ashlyn,2,TX,0.101540425
1110,Brittany,3,CA,0.081716779
1111,Mariela,4,CA,0.378313592
1112,Chelsea,2,CA,0.109639983
1113,Latoya,3,NY,0.092025659
1114,London,2,TX,0.091236597
1115,Trinity,3,TX,0.096060931
1116,Asia,2,CA,0.08599428
1117,Lauryn,2,CA,0.102900532
1118,Jordan,2,TX,0.090475958
1119,Annika,3,CA,0.169555848
1120,Ariana,4,CA,0.201012615
1121,Hadley,2,TX,0.088146009
1122,Kacey,2,CA,0.145064726
1123,Mya,2,CA,0.088147026
1124,Ryan,2,CA,0.126422105
1125,Nia,2,NY,0.13125043
1126,Amina,3,NY,0.150883583
1127,Ansley,2,GA,0.41077795
1128,Eliana,4,CA,0.171874651
1129,Tianna,3,CA,0.125141221
1130,Marley,2,CA,0.116054954
1131,Tabatha,3,TX,0.074441695
1132,Anissa,3,CA,0.229791952
1133,Yesenia,3,CA,0.415893236
1134,Alondra,3,CA,0.299555475
1135,Arianna,4,CA,0.154480553
1136,Cherish,2,CA,0.152749875
1137,Tamia,3,NY,0.096762229
1138,Kourtney,2,TX,0.133140778
1139,Ashleigh,2,TX,0.087563329
1140,Kaylee,2,CA,0.105994291
1141,Ashlie,2,CA,0.145397665
1142,Ember,2,TX,0.096352813
1143,Kacie,2,TX,0.118491384
1144,Ashlee,2,CA,0.113800649
1145,Ebony,3,NY,0.112546552
1146,Julissa,3,CA,0.294299191
1147,Ashly,2,CA,0.20480751
1148,Danika,3,CA,0.217454551
1149,Talia,3,CA,0.149148888
1150,Janessa,3,CA,0.240625161
1151,Kiera,2,CA,0.09478457
1152,Kaia,2,CA,0.200765859
1153,Kallie,2,TX,0.106565855
1154,Amara,3,CA,0.129001573
1155,Aria,3,CA,0.145072356
1156,Brittney,2,CA,0.111789828
1157,Emely,3,CA,0.273810988
1158,Lilah,2,CA,0.131525999
1159,Tanisha,3,NY,0.123758864
1160,Britney,2,CA,0.138900726
1161,Charlee,2,TX,0.087426938
1162,Sage,1,CA,0.144626194
1163,Brianne,2,CA,0.133398894
1164,Kylie,2,CA,0.108181761
1165,Kylee,2,CA,0.083237409
1166,Lacie,2,TX,0.129626521
1167,Hailey,2,CA,0.120913294
1168,Harmony,3,CA,0.101184717
1169,Kiley,2,CA,0.097946122
1170,Anika,3,CA,0.203980293
1171,Shaina,2,NY,0.135432427
1172,Tierra,3,IL,0.084226084
1173,Kelsie,2,TX,0.084135619
1174,Chelsey,2,TX,0.076999862
1175,Yasmine,2,CA,0.161767571
1176,Chelsie,2,TX,0.089538346
1177,Alia,3,CA,0.202814642
1178,Zara,2,CA,0.166909073
1179,Dylan,2,CA,0.166206
1180,Hana,2,CA,0.256672341
1181,Skye,1,CA,0.131343842
1182,Ali,2,CA,0.093219232
1183,Cali,2,CA,0.159837343
1184,Kaila,2,CA,0.172256519
1185,Ariella,4,NY,0.182200692
1186,Genesis,3,CA,0.223875794
1187,Layla,2,CA,0.109646497
1188,Amani,3,CA,0.103632544
1189,Amira,3,CA,0.107407007
1190,Kiana,3,CA,0.190735717
1191,Ainsley,2,TX,0.099886829
1192,Arielle,3,CA,0.140760621
1193,Cassidy,3,CA,0.104986801
1194,Karli,2,CA,0.100232214
1195,Liberty,3,CA,0.10647104
1196,Chasity,3,TX,0.104538526
1197,Bryanna,3,CA,0.166598291
1198,Ashanti,3,FL,0.10688883
1199,Moriah,3,CA,0.125405626
1200,Isis,2,CA,0.210884421
1201,Miracle,3,TX,0.102973922
1202,Katelyn,2,CA,0.099611351
1203,Mikaela,4,CA,0.166138668
1204,Imani,3,NY,0.133524096
1205,Abbigail,3,TX,0.072832222
1206,Jazmin,2,CA,0.310014448
1207,Ayana,3,NY,0.149406663
1208,Breanna,3,CA,0.138264777
1209,Dayana,3,CA,0.263957491
1210,Karlee,2,TX,0.088855964
1211,Shania,3,NY,0.113049731
1212,Ayanna,3,NY,0.111496367
1213,Farrah,2,CA,0.128407169
1214,Delaney,3,CA,0.098526444
1215,Cheyanne,2,CA,0.10762458
1216,Deja,2,CA,0.110294406
1217,Maeve,1,MA,0.139305508
1218,Jayleen,2,CA,0.428359764
1219,Dakota,3,CA,0.083841726
1220,Diamond,2,TX,0.088447858
1221,Heaven,2,TX,0.115486684
1222,Makayla,3,TX,0.090473865
1223,Carley,2,TX,0.087476563
1224,Carly,2,CA,0.099501554
1225,Kaley,2,FL,0.142224844
1226,Kiara,3,CA,0.113254708
1227,Karly,2,CA,0.151095592
1228,Lyndsey,2,TX,0.090476251
1229,Annalise,3,CA,0.129719181
1230,Aleah,3,CA,0.125612874
1231,Haylee,2,TX,0.1000759
1232,Serenity,4,TX,0.107792421
1233,Winter,2,CA,0.132083814
1234,Aubree,2,TX,0.094956911
1235,Brooklyn,2,TX,0.087692202
1236,Karlie,2,CA,0.090418319
1237,Tatum,2,TX,0.127494133
1238,Bria,2,TX,0.082482005
1239,Macey,2,TX,0.11104829
1240,Aspen,2,CO,0.093472896
1241,Haven,2,TX,0.109538182
1242,Hayden,2,CA,0.08719302
1243,Mackenzie,3,CA,0.070981074
1244,Riley,2,CA,0.098237193
1245,Aubrie,2,TX,0.10854484
1246,Breana,3,CA,0.210625816
1247,Ciara,3,CA,0.09193732
1248,Kamila,3,CA,0.2127989
1249,Quinn,1,CA,0.103110452
1250,Alivia,4,OH,0.07386877
1251,Cayla,2,CA,0.106683408
1252,Jayda,2,TX,0.084856063
1253,Jazmine,2,CA,0.226791395
1254,Skylar,2,TX,0.08713998
1255,Logan,2,TX,0.084585345
1256,Luna,2,CA,0.22174083
1257,Nataly,3,CA,0.359541569
1258,Rhiannon,3,CA,0.151675259
1259,Kaitlin,2,CA,0.094411958
1260,Blakely,2,TX,0.124311617
1261,Skyla,2,NY,0.096382809
1262,Breanne,2,CA,0.18639672
1263,Phoenix,2,CA,0.125342011
1264,Sienna,3,CA,0.202023708
1265,Jayla,2,TX,0.091191208
1266,Kaitlyn,2,CA,0.091407866
1267,Lexi,2,TX,0.111442186
1268,Stevie,2,CA,0.179553828
1269,Mckenzie,3,TX,0.07309545
1270,Mikayla,3,CA,0.111592605
1271,Amaya,3,CA,0.146393361
1272,Makenzie,3,TX,0.084142472
1273,Aaliyah,3,CA,0.128926382
1274,Brielle,2,CA,0.09429181
1275,Hunter,2,CA,0.09320465
1276,Kenzie,2,TX,0.108572644
1277,Tatyana,3,CA,0.106718899
1278,Aliyah,3,CA,0.145022095
1279,Kailee,2,CA,0.129153382
1280,Destinee,3,CA,0.132993264
1281,Caitlyn,2,CA,0.08776919
1282,Skyler,2,CA,0.093985849
1283,Emery,3,TX,0.134743691
1284,Savanna,3,CA,0.109365689
1285,Cadence,2,TX,0.088193064
1286,Harley,2,TX,0.10434275
1287,Kaylin,2,CA,0.113332706
1288,Maci,2,TX,0.099773829
1289,Kassidy,3,TX,0.096249441
1290,Kyleigh,2,TX,0.093252533
1291,Bailey,2,TX,0.099847609
1292,Cierra,3,CA,0.080411107
1293,Brooklynn,2,TX,0.093576126
1294,Kierra,3,TX,0.082392167
1295,Ximena,3,TX,0.296388766
1296,Hailee,2,CA,0.114977956
1297,Jordyn,2,CA,0.090793232
1298,Ashton,2,TX,0.133667016
1299,Giuliana,4,CA,0.163710598
1300,Katlyn,2,TX,0.065179216
1301,Ciera,3,CA,0.097338262
1302,Katelynn,2,TX,0.101986315
1303,Ashlynn,2,TX,0.110136321
1304,Aylin,2,CA,0.247943623
1305,Kaleigh,2,TX,0.095250886
1306,Kinsley,2,TX,0.096675549
1307,Rowan,2,CA,0.0889596
1308,Rylee,2,TX,0.084035581
1309,Baylee,2,TX,0.103369162
1310,Harper,2,TX,0.080590312
1311,Kailey,2,CA,0.131332863
1312,Kaylie,2,CA,0.148622795
1313,Parker,2,TX,0.119816768
1314,Mckenna,3,CA,0.09066723
1315,Tayler,2,CA,0.131315561
1316,Haleigh,2,TX,0.105088925
1317,Teagan,2,CA,0.082307315
1318,Kaelyn,2,CA,0.119001227
1319,Ayla,2,CA,0.122519867
1320,Itzel,2,CA,0.370230666
1321,Kailyn,2,CA,0.104611471
1322,Camryn,2,TX,0.095233915
1323,Jazlyn,2,CA,0.196977937
1324,Demi,2,CA,0.125876542
1325,Kennedy,3,TX,0.096264967
1326,Anahi,3,CA,0.319312698
1327,Bailee,2,TX,0.115485065
1328,Makenna,3,CA,0.098104041
1329,Mckinley,3,TX,0.101599088
1330,Jaden,2,CA,0.096743847
1331,Mckayla,3,CA,0.08667941
1332,Zoey,2,CA,0.110872033
1333,Jaelyn,2,CA,0.127056247
1334,Madelynn,3,TX,0.117078224
1335,Nayeli,3,CA,0.288165262
1336,Madison,3,CA,0.08475425
1337,Kaitlynn,2,TX,0.103405178
1338,Lyric,2,TX,0.101334559
1339,Addison,3,TX,0.089855834
1340,Jimena,3,CA,0.311552699
1341,Kayleigh,2,TX,0.078554875
1342,Amari,3,TX,0.102590794
1343,Adelyn,3,TX,0.104321258
1344,Payton,2,TX,0.08253465
1345,Isla,2,CA,0.13714441
1346,Paisley,2,TX,0.093075848
1347,Kinley,2,TX,0.122433845
1348,Elle,1,CA,0.144025405
1349,Maddison,3,TX,0.120968889
1350,Madilyn,3,TX,0.107200207
1351,Madyson,3,TX,0.10815839
1352,Justice,2,TX,0.085244922
1353,Kamryn,2,TX,0.123340736
1354,Journey,2,TX,0.105849827
1355,Sawyer,2,TX,0.092746402
1356,Alexus,3,TX,0.104424228
1357,Madisyn,3,TX,0.086490468
1358,Aniya,3,TX,0.08272111
1359,Rylie,2,TX,0.101890824
1360,Averie,3,TX,0.129863132
1361,Isabela,4,CA,0.210352983
1362,Presley,2,TX,0.161615996
1363,Anaya,3,CA,0.151850608
1364,Gracelyn,2,TX,0.080388368
1365,Annabella,4,CA,0.140366585
1366,Khloe,2,TX,0.114081227
1367,Jayden,2,CA,0.103287614
1368,Ryleigh,2,TX,0.094324293
1369,Elliana,4,CA,0.10210853
1370,Arabella,4,CA,0.126481121
1371,Izabella,4,CA,0.157676219
1372,Jadyn,2,TX,0.100694206
1373,Addyson,3,TX,0.106967278
1374,Janiya,3,FL,0.101808171
1375,Londyn,2,TX,0.102119175
1376,Aniyah,3,TX,0.097183277
1377,Kennedi,3,TX,0.120196679
1378,Reese,1,TX,0.090179449
1379,Zariah,3,TX,0.129874829
1380,Emerson,3,TX,0.087980219
1381,Adelynn,3,TX,0.128850785
1382,Maliyah,3,CA,0.112915485
1383,Adalyn,3,TX,0.10292711
1384,Amiyah,3,TX,0.086002193
1385,Kadence,2,TX,0.103606307
1386,Janiyah,3,FL,0.111538654
1387,Brynlee,2,TX,0.113458843
1388,Finley,2,TX,0.088026856
1389,Arya,2,CA,0.145705911
1390,Miley,2,CA,0.148153368
1391,Adalynn,3,TX,0.124687808
1392,Nevaeh,3,CA,0.098019107
1393,Emersyn,3,TX,0.091137649
1394,Yaretzi,3,CA,0.34345356
1395,Kaydence,2,TX,0.09893385
1396,Everly,3,CA,0.115606323
